{"_timestamp":1.768480744572799e+09,"loss_tok2vec":3.735610848980949e-07,"loss_textcat":2.2254897489686275e-05,"cats_macro_p":0.5989583333333333,"token_f":1,"cats_micro_r":0.5583333333333333,"cats_auc_per_type":{"YTA":0.6029452625729369,"NTA":0.6029452625729369},"cats_macro_f":0.5172675521821632,"cats_micro_f":0.5583333333333333,"cats_macro_auc":0.6029452625729369,"_wandb":{"runtime":3502},"cats_score_desc":"macro F","speed":730.4111962690167,"cats_macro_r":0.563350930814115,"cats_micro_p":0.5583333333333333,"_runtime":3502,"cats_score":0.5172675521821632,"score":0.5172675521821632,"token_p":1,"token_acc":1,"_step":47,"cats_f_per_type":{"NTA":{"p":0.6666666666666666,"r":0.26229508196721313,"f":0.37647058823529417},"YTA":{"p":0.53125,"r":0.864406779661017,"f":0.6580645161290324}},"token_r":1}